ICR_1,Chr1:605447-605698,
ICR_2,Chr1:628959-630792,
ICR_3,Chr1:632183-632834,
ICR_4,Chr1:633381-634921,
ICR_5,Chr1:940289-940324,
ICR_6,Chr1:1174554-1174597,Maternal
ICR_7,Chr1:1232896-1232944,
ICR_8,Chr1:1575713-1575919,
ICR_9,Chr1:1859182-1859730,
ICR_10,Chr1:2469095-2469433,Maternal
ICR_11,Chr1:2657156-2657383,
ICR_12,Chr1:2661644-2661722,
ICR_13,Chr1:4600059-4600405,
ICR_14,Chr1:5949227-5949623,
ICR_15,Chr1:6461637-6461737,
ICR_16,Chr1:7199286-7199687,Paternal
ICR_17,Chr1:8117511-8117827,Maternal
ICR_18,Chr1:9162042-9162599,
ICR_19,Chr1:9234719-9234755,
ICR_20,Chr1:10682902-10683413,Maternal
ICR_21,Chr1:10808891-10809149,Maternal
ICR_22,Chr1:16164023-16164515,
ICR_23,Chr1:17569678-17570146,
ICR_24,Chr1:19643228-19643530,
ICR_25,Chr1:22428873-22429209,
ICR_26,Chr1:24210504-24210603,Maternal
ICR_27,Chr1:24503163-24503185,
ICR_28,Chr1:26622032-26622250,
ICR_29,Chr1:29990938-29991337,
ICR_30,Chr1:31586949-31587065,
ICR_31,Chr1:31773101-31773224,
ICR_32,Chr1:32471040-32471395,Paternal
ICR_33,Chr1:32886988-32887301,
ICR_34,Chr1:32963351-32963481,
ICR_35,Chr1:35699589-35699951,Paternal
ICR_36,Chr1:36572484-36573080,Maternal
ICR_37,Chr1:37761780-37761898,
ICR_38,Chr1:37990629-37990727,
ICR_39,Chr1:38210131-38210429,Maternal
ICR_40,Chr1:39559036-39559674,Paternal
ICR_41,Chr1:41423557-41423666,Maternal
ICR_42,Chr1:42145815-42145896,
ICR_43,Chr1:47963613-47963993,Maternal
ICR_44,Chr1:53145868-53146595,Maternal
ICR_45,Chr1:53276947-53277068,
ICR_46,Chr1:68046822-68047535,Paternal
ICR_47,Chr1:68049858-68051097,Paternal
ICR_48,Chr1:68051239-68051861,Paternal
ICR_49,Chr1:69312582-69312695,
ICR_50,Chr1:75376248-75376584,
ICR_51,Chr1:77687510-77687630,Paternal
ICR_52,Chr1:91171791-91172929,
ICR_53,Chr1:91387426-91387588,
ICR_54,Chr1:112742974-112743310,
ICR_55,Chr1:116641652-116642769,
ICR_56,Chr1:125086125-125086242,
ICR_57,Chr1:125086657-125086787,
ICR_58,Chr1:125126341-125127474,
ICR_59,Chr1:144547463-144547582,
ICR_60,Chr1:144642001-144642148,
ICR_61,Chr1:144813474-144813505,
ICR_62,Chr1:148011459-148011977,
ICR_63,Chr1:148354878-148355291,
ICR_64,Chr1:156216551-156216822,
ICR_65,Chr1:156840564-156840978,Maternal
ICR_66,Chr1:157278910-157279545,
ICR_67,Chr1:161442725-161442826,
ICR_68,Chr1:161449348-161449576,
ICR_69,Chr1:161458396-161458728,
ICR_70,Chr1:161472562-161472609,
ICR_71,Chr1:164087963-164088420,
ICR_72,Chr1:166343070-166343120,
ICR_73,Chr1:168056307-168056468,
ICR_74,Chr1:175505315-175505505,
ICR_75,Chr1:176313754-176314036,
ICR_76,Chr1:179586745-179586852,
ICR_77,Chr1:180935406-180935498,
ICR_78,Chr1:203076164-203076460,Paternal
ICR_79,Chr1:203861024-203861206,
ICR_80,Chr1:204829545-204831249,
ICR_81,Chr1:208044765-208045294,Maternal
ICR_82,Chr1:209645908-209646203,
ICR_83,Chr1:226127234-226127411,
ICR_84,Chr1:227558329-227558593,
ICR_85,Chr1:228174003-228174086,
ICR_86,Chr1:228470749-228471025,
ICR_87,Chr1:228617766-228617825,
ICR_88,Chr1:228619143-228619258,
ICR_89,Chr1:228620967-228621017,
ICR_90,Chr1:228622208-228622303,
ICR_91,Chr1:228625042-228625229,
ICR_92,Chr1:228632865-228633148,
ICR_93,Chr1:228635189-228635657,
ICR_94,Chr1:228636250-228636431,
ICR_95,Chr1:228637728-228637831,
ICR_96,Chr1:228754271-228755024,
ICR_97,Chr1:228755198-228755269,
ICR_98,Chr1:234231622-234231851,
ICR_99,Chr1:234356908-234357513,
ICR_100,Chr1:234955629-234956306,Maternal
ICR_101,Chr1:236120016-236120293,
ICR_102,Chr1:240492941-240493380,
ICR_103,Chr1:243101535-243101819,
ICR_104,Chr1:243916707-243916919,
ICR_105,Chr1:244048598-244048661,
ICR_106,Chr1:244729465-244729883,
ICR_107,Chr1:245688553-245688677,Paternal
ICR_108,Chr1:247518137-247518222,
ICR_109,Chr1:247530969-247531234,
ICR_110,Chr1:248692088-248692168,
ICR_630,Chr2:11106-11299,
ICR_631,Chr2:636482-636639,
ICR_632,Chr2:730278-730395,
ICR_633,Chr2:25161155-25161328,
ICR_634,Chr2:26728575-26728788,
ICR_635,Chr2:28342638-28342806,Maternal
ICR_636,Chr2:31581451-31581676,
ICR_637,Chr2:36240518-36240688,
ICR_638,Chr2:39243625-39244106,
ICR_639,Chr2:42961751-42962095,
ICR_640,Chr2:44885640-44886022,Maternal
ICR_641,Chr2:44947693-44949267,
ICR_642,Chr2:49229257-49229842,Maternal
ICR_643,Chr2:53961656-53961932,
ICR_644,Chr2:54289850-54290281,Paternal
ICR_645,Chr2:68679047-68679733,
ICR_646,Chr2:90245081-90245412,
ICR_647,Chr2:91414357-91414491,
ICR_648,Chr2:91459090-91459930,
ICR_649,Chr2:91748715-91748860,
ICR_650,Chr2:91940731-91945010,
ICR_651,Chr2:91974862-91974933,
ICR_652,Chr2:95078802-95079392,Maternal
ICR_653,Chr2:97724050-97724186,
ICR_654,Chr2:98822248-98822374,
ICR_655,Chr2:105180733-105181408,
ICR_656,Chr2:105236991-105237239,
ICR_657,Chr2:106584530-106584661,
ICR_658,Chr2:107132074-107132624,
ICR_659,Chr2:112433099-112433213,
ICR_660,Chr2:117859040-117859178,
ICR_661,Chr2:119350054-119351113,
ICR_662,Chr2:119430482-119430908,
ICR_663,Chr2:120526146-120526533,Maternal
ICR_664,Chr2:121076853-121076911,
ICR_665,Chr2:127695526-127695730,
ICR_666,Chr2:128493617-128493806,
ICR_667,Chr2:128607622-128608057,
ICR_668,Chr2:128901753-128902169,
ICR_669,Chr2:129587442-129587521,
ICR_670,Chr2:130036983-130037204,
ICR_671,Chr2:130037808-130038132,
ICR_672,Chr2:131647235-131647405,
ICR_673,Chr2:131724040-131724118,
ICR_674,Chr2:131724345-131724375,
ICR_675,Chr2:132273072-132273187,
ICR_676,Chr2:149320367-149320581,
ICR_677,Chr2:161340716-161341095,Paternal
ICR_678,Chr2:162243085-162244421,
ICR_679,Chr2:163026310-163026448,
ICR_680,Chr2:173217299-173217391,
ICR_681,Chr2:179429150-179429367,
ICR_682,Chr2:181574336-181575348,
ICR_683,Chr2:201139399-201139980,
ICR_684,Chr2:206250433-206252905,
ICR_685,Chr2:206253064-206254113,
ICR_686,Chr2:206257411-206257639,
ICR_687,Chr2:206257801-206258345,Maternal
ICR_688,Chr2:206258596-206260336,Maternal
ICR_689,Chr2:206260650-206261209,Maternal
ICR_690,Chr2:206262500-206263975,
ICR_691,Chr2:206264112-206264458,
ICR_692,Chr2:206267203-206267661,
ICR_693,Chr2:206268137-206268603,
ICR_694,Chr2:206269730-206270167,
ICR_695,Chr2:206272290-206272946,
ICR_696,Chr2:218890039-218890255,Maternal
ICR_697,Chr2:229180860-229180972,
ICR_698,Chr2:230849889-230849990,
ICR_699,Chr2:230991059-230991241,
ICR_700,Chr2:232409725-232409943,
ICR_701,Chr2:234168141-234168738,Maternal
ICR_702,Chr2:235503242-235503454,
ICR_703,Chr2:236642778-236643076,
ICR_704,Chr2:236803775-236804140,
ICR_705,Chr2:237156450-237156745,
ICR_706,Chr2:241901656-241902337,Paternal
ICR_707,Chr2:241902453-241902725,Paternal
ICR_708,Chr2:241936452-241936540,
ICR_709,Chr2:242088455-242088503,
ICR_952,Chr3:147595-148344,
ICR_953,Chr3:8679127-8679350,
ICR_954,Chr3:12768912-12768970,
ICR_955,Chr3:14366359-14366571,Maternal
ICR_956,Chr3:15333009-15333079,
ICR_957,Chr3:23918444-23918675,
ICR_958,Chr3:24303492-24303789,
ICR_959,Chr3:28200466-28200710,
ICR_960,Chr3:30893926-30894319,Paternal
ICR_961,Chr3:39502701-39502946,
ICR_962,Chr3:42936229-42936568,
ICR_963,Chr3:44580918-44580941,Maternal
ICR_964,Chr3:46558604-46558922,
ICR_965,Chr3:48661163-48661239,
ICR_966,Chr3:49984615-49984640,
ICR_967,Chr3:50193735-50193801,
ICR_968,Chr3:50481168-50481455,
ICR_969,Chr3:71694475-71695649,
ICR_970,Chr3:72928978-72929098,Paternal
ICR_971,Chr3:75668913-75669631,
ICR_972,Chr3:96776774-96777017,
ICR_973,Chr3:105882523-105882796,
ICR_974,Chr3:119499238-119499379,
ICR_975,Chr3:122660742-122660862,
ICR_976,Chr3:123392054-123392784,
ICR_977,Chr3:125596053-125596150,
ICR_978,Chr3:128152943-128153045,
ICR_979,Chr3:128653427-128653781,
ICR_980,Chr3:128850048-128850116,
ICR_981,Chr3:132137120-132137290,
ICR_982,Chr3:133472371-133472539,
ICR_983,Chr3:133783815-133783983,
ICR_984,Chr3:139020330-139020407,
ICR_985,Chr3:139020541-139020685,
ICR_986,Chr3:139044474-139044516,
ICR_987,Chr3:139044727-139044832,
ICR_988,Chr3:147297676-147298367,
ICR_989,Chr3:150865529-150865545,Paternal
ICR_990,Chr3:156120781-156120929,Paternal
ICR_991,Chr3:184563668-184564356,Maternal
ICR_992,Chr3:190964768-190965274,
ICR_993,Chr3:192155034-192155319,
ICR_994,Chr3:194985002-194985099,
ICR_995,Chr3:195657480-195657559,
ICR_996,Chr3:196202554-196202768,
ICR_997,Chr4:946826-947059,
ICR_998,Chr4:1046483-1046702,
ICR_999,Chr4:1050914-1051080,
ICR_1000,Chr4:1053635-1054116,
ICR_1001,Chr4:1054960-1055444,
ICR_1002,Chr4:1729830-1729985,
ICR_1003,Chr4:2428432-2428625,
ICR_1004,Chr4:2463493-2463856,
ICR_1005,Chr4:3702565-3703061,
ICR_1006,Chr4:3744716-3744881,
ICR_1007,Chr4:3771074-3771481,
ICR_1008,Chr4:4225388-4226028,
ICR_1009,Chr4:4669027-4669135,
ICR_1010,Chr4:4863227-4864029,
ICR_1011,Chr4:6105593-6105924,Paternal
ICR_1012,Chr4:8581258-8581331,
ICR_1013,Chr4:9758799-9758944,
ICR_1014,Chr4:11369191-11369261,
ICR_1015,Chr4:39406796-39407320,Maternal
ICR_1016,Chr4:41876102-41876861,Maternal
ICR_1017,Chr4:48482621-48482980,
ICR_1018,Chr4:49109121-49109481,
ICR_1019,Chr4:49166180-49166547,
ICR_1020,Chr4:49177791-49178205,
ICR_1021,Chr4:49192403-49192770,
ICR_1022,Chr4:49229452-49230196,
ICR_1023,Chr4:49265753-49267308,
ICR_1024,Chr4:49270757-49270848,
ICR_1025,Chr4:49298644-49298769,
ICR_1026,Chr4:49603848-49604494,
ICR_1027,Chr4:49642753-49643262,
ICR_1028,Chr4:54149372-54149720,
ICR_1029,Chr4:55158026-55158180,
ICR_1030,Chr4:56592494-56592653,
ICR_1031,Chr4:62816669-62816883,
ICR_1032,Chr4:73981863-73981993,
ICR_1033,Chr4:75886200-75886450,
ICR_1034,Chr4:81153935-81154202,
ICR_1035,Chr4:82758740-82759068,Maternal
ICR_1036,Chr4:88697244-88698085,Paternal
ICR_1037,Chr4:91791367-91792040,
ICR_1038,Chr4:104592591-104593731,
ICR_1039,Chr4:121932565-121932847,Paternal
ICR_1040,Chr4:127964172-127964235,
ICR_1041,Chr4:150809860-150809929,
ICR_1042,Chr4:152009424-152009915,Maternal
ICR_1043,Chr4:154781727-154782004,
ICR_1044,Chr4:163331221-163331460,
ICR_1045,Chr4:173608770-173608942,Maternal
ICR_1046,Chr4:182212369-182212795,
ICR_1047,Chr4:182346897-182347310,
ICR_1048,Chr4:184097251-184097401,
ICR_1049,Chr4:186189851-186190416,
ICR_1050,Chr4:189810877-189811009,
ICR_1051,Chr4:190021742-190021948,
ICR_1052,Chr4:190022092-190022198,
ICR_1053,Chr4:190066841-190066973,
ICR_1054,Chr4:190085155-190085236,
ICR_1055,Chr4:190085786-190085962,
ICR_1056,Chr4:190089486-190089578,
ICR_1057,Chr4:190091776-190091849,
ICR_1058,Chr5:346459-346789,Paternal
ICR_1059,Chr5:415358-415697,
ICR_1060,Chr5:562044-562200,
ICR_1061,Chr5:580390-580767,
ICR_1062,Chr5:1245747-1245898,
ICR_1063,Chr5:1295800-1295873,
ICR_1064,Chr5:1725000-1725304,
ICR_1065,Chr5:3300821-3301257,
ICR_1066,Chr5:3490977-3491228,
ICR_1067,Chr5:8457195-8457623,
ICR_1068,Chr5:15096609-15096652,Paternal
ICR_1069,Chr5:28927612-28928264,
ICR_1070,Chr5:33937276-33937320,
ICR_1071,Chr5:37208980-37209149,Paternal
ICR_1072,Chr5:45869231-45870958,
ICR_1073,Chr5:45956331-45957172,
ICR_1074,Chr5:46090381-46091444,
ICR_1075,Chr5:54985354-54985551,
ICR_1076,Chr5:55178062-55178152,
ICR_1077,Chr5:61816262-61816407,
ICR_1078,Chr5:71851012-71851744,
ICR_1079,Chr5:79070007-79070129,
ICR_1080,Chr5:80650716-80650931,Maternal
ICR_1081,Chr5:93078599-93078980,Maternal
ICR_1082,Chr5:93603307-93603843,
ICR_1083,Chr5:98839610-98839686,
ICR_1084,Chr5:101783627-101784015,
ICR_1085,Chr5:110894251-110894443,Paternal
ICR_1086,Chr5:134927018-134927085,Maternal
ICR_1087,Chr5:136079156-136079563,Paternal
ICR_1088,Chr5:136079902-136080957,
ICR_1089,Chr5:140787699-140787751,
ICR_1090,Chr5:140802885-140802957,
ICR_1091,Chr5:140808752-140808810,
ICR_1092,Chr5:140809262-140809383,
ICR_1093,Chr5:140829825-140830061,
ICR_1094,Chr5:140857946-140858024,
ICR_1095,Chr5:140877391-140877445,
ICR_1096,Chr5:140877578-140877663,
ICR_1097,Chr5:141242237-141242941,
ICR_1098,Chr5:141304191-141304290,
ICR_1099,Chr5:141332572-141332739,
ICR_1100,Chr5:141339675-141339766,
ICR_1101,Chr5:141345713-141345776,
ICR_1102,Chr5:141357041-141357110,
ICR_1103,Chr5:141375969-141376059,
ICR_1104,Chr5:141384677-141384771,
ICR_1105,Chr5:141441693-141441739,
ICR_1106,Chr5:148320801-148320873,
ICR_1107,Chr5:156850521-156850587,
ICR_1108,Chr5:157690422-157690546,
ICR_1109,Chr5:157690810-157691003,
ICR_1110,Chr5:158737352-158737526,
ICR_1111,Chr5:169636668-169636916,
ICR_1112,Chr5:170252002-170253184,
ICR_1113,Chr5:171319025-171319892,
ICR_1114,Chr5:172602845-172603197,Maternal
ICR_1115,Chr5:172669973-172670257,
ICR_1116,Chr5:174307035-174307309,
ICR_1117,Chr5:174728525-174729356,
ICR_1118,Chr5:176533712-176534104,
ICR_1119,Chr5:176785238-176785536,
ICR_1120,Chr5:176847082-176847171,
ICR_1121,Chr5:179167525-179167654,Paternal
ICR_1122,Chr5:180313866-180314305,
ICR_1123,Chr5:181070516-181070836,
ICR_1124,Chr5:181165042-181165201,
ICR_1125,Chr5:181195548-181195743,
ICR_1126,Chr6:2902061-2902302,
ICR_1127,Chr6:3848794-3850307,Paternal
ICR_1128,Chr6:10099407-10099822,
ICR_1129,Chr6:10719974-10720222,
ICR_1130,Chr6:13743286-13743421,
ICR_1131,Chr6:17580224-17580357,
ICR_1132,Chr6:18019754-18019871,
ICR_1133,Chr6:27050175-27050547,
ICR_1134,Chr6:27556793-27556990,
ICR_1135,Chr6:27653092-27653518,
ICR_1136,Chr6:27678994-27679178,
ICR_1137,Chr6:27827550-27827724,Paternal
ICR_1138,Chr6:28215873-28216059,
ICR_1139,Chr6:28633523-28634104,
ICR_1140,Chr6:28695689-28695979,
ICR_1141,Chr6:28742326-28742467,
ICR_1142,Chr6:28984825-28984972,
ICR_1143,Chr6:29014836-29015081,
ICR_1144,Chr6:29681034-29681124,
ICR_1145,Chr6:30452078-30452687,
ICR_1146,Chr6:30781799-30782146,
ICR_1147,Chr6:30914814-30915097,
ICR_1148,Chr6:31971329-31971620,
ICR_1149,Chr6:32131303-32131374,
ICR_1150,Chr6:32761693-32761864,
ICR_1151,Chr6:32885680-32886046,
ICR_1152,Chr6:33697197-33697381,
ICR_1153,Chr6:35786951-35787246,
ICR_1154,Chr6:39367315-39368095,Maternal
ICR_1155,Chr6:41627093-41627387,Maternal
ICR_1156,Chr6:42727577-42727793,
ICR_1157,Chr6:57810795-57811153,
ICR_1158,Chr6:77368678-77369083,
ICR_1159,Chr6:99823198-99823660,
ICR_1160,Chr6:104885426-104885717,
ICR_1161,Chr6:111662711-111663342,
ICR_1162,Chr6:112366898-112367109,
ICR_1163,Chr6:112367498-112367712,
ICR_1164,Chr6:129172756-129173045,
ICR_1165,Chr6:144006941-144008825,Paternal
ICR_1166,Chr6:144186986-144187105,
ICR_1167,Chr6:146803701-146803860,
ICR_1168,Chr6:149986298-149986661,Maternal
ICR_1169,Chr6:154359181-154360192,
ICR_1170,Chr6:160005401-160005610,Paternal
ICR_1171,Chr6:160006184-160006584,Paternal
ICR_1172,Chr6:163355423-163355849,
ICR_1173,Chr6:166758163-166758556,
ICR_1174,Chr6:167196311-167197315,
ICR_1175,Chr6:167341434-167342866,Maternal
ICR_1176,Chr6:167349763-167350130,
ICR_1177,Chr6:167667943-167668201,Maternal
ICR_1178,Chr6:168035599-168035887,
ICR_1179,Chr6:168417326-168417653,
ICR_1180,Chr6:168638540-168638869,
ICR_1181,Chr6:169421049-169421128,
ICR_1182,Chr6:169654761-169654900,Paternal
ICR_1183,Chr6:170286029-170286332,
ICR_1184,Chr6:170423032-170423404,
ICR_1185,Chr7:31403-31557,
ICR_1186,Chr7:291320-291450,
ICR_1187,Chr7:343522-343641,
ICR_1188,Chr7:360518-360693,
ICR_1189,Chr7:421345-421408,
ICR_1190,Chr7:1041228-1041314,
ICR_1191,Chr7:1159057-1159224,
ICR_1192,Chr7:1592600-1592972,
ICR_1193,Chr7:1663342-1663514,
ICR_1194,Chr7:1854262-1854393,
ICR_1195,Chr7:2019844-2020175,
ICR_1196,Chr7:2665066-2665200,
ICR_1197,Chr7:3089399-3089604,
ICR_1198,Chr7:4101908-4102617,
ICR_1199,Chr7:4739360-4739913,
ICR_1200,Chr7:5144439-5144757,
ICR_1201,Chr7:16464182-16464644,
ICR_1202,Chr7:19194875-19195144,
ICR_1203,Chr7:22821364-22821611,
ICR_1204,Chr7:23490490-23491453,Paternal
ICR_1205,Chr7:25866370-25866563,
ICR_1206,Chr7:26593585-26593990,
ICR_1207,Chr7:28529301-28530933,
ICR_1208,Chr7:32763314-32763459,
ICR_1209,Chr7:32905942-32906069,
ICR_1210,Chr7:34905972-34906557,
ICR_1211,Chr7:39834493-39834768,Paternal
ICR_1212,Chr7:41990814-41991507,
ICR_1213,Chr7:45564015-45564354,Maternal
ICR_1214,Chr7:47576623-47576932,Maternal
ICR_1215,Chr7:50781638-50783354,Paternal
ICR_1216,Chr7:55005217-55005455,
ICR_1217,Chr7:55774811-55775090,
ICR_1218,Chr7:56508815-56510506,
ICR_1219,Chr7:56605244-56605356,
ICR_1220,Chr7:57325717-57326749,
ICR_1221,Chr7:57424516-57424553,
ICR_1222,Chr7:58074538-58076031,
ICR_1223,Chr7:60945007-60945409,
ICR_1224,Chr7:61084697-61086368,
ICR_1225,Chr7:62276176-62276296,
ICR_1226,Chr7:62379353-62379440,
ICR_1227,Chr7:62379749-62379858,
ICR_1228,Chr7:63931261-63931288,
ICR_1229,Chr7:67772905-67773321,Maternal
ICR_1230,Chr7:69233760-69233973,Maternal
ICR_1231,Chr7:73330191-73330782,
ICR_1232,Chr7:73345069-73346101,
ICR_1233,Chr7:76047075-76047217,
ICR_1234,Chr7:76150206-76150703,
ICR_1235,Chr7:76499727-76499956,Paternal
ICR_1236,Chr7:94656360-94658647,
ICR_1237,Chr7:100482861-100482979,
ICR_1238,Chr7:102441702-102441973,
ICR_1239,Chr7:103146271-103147608,
ICR_1240,Chr7:108003883-108003977,
ICR_1241,Chr7:127587705-127587806,
ICR_1242,Chr7:130490640-130494200,Paternal
ICR_1243,Chr7:132436227-132436368,
ICR_1244,Chr7:137753320-137753978,
ICR_1245,Chr7:138664218-138664771,
ICR_1246,Chr7:143511187-143511662,
ICR_1247,Chr7:149191062-149191272,
ICR_1248,Chr7:150111840-150112171,Paternal
ICR_1249,Chr7:152553885-152553929,
ICR_1250,Chr7:152910856-152911190,Maternal
ICR_1251,Chr7:154892532-154892702,
ICR_1252,Chr7:155071148-155071376,Paternal
ICR_1253,Chr7:155383638-155384080,Maternal
ICR_1254,Chr7:155796475-155796717,
ICR_1255,Chr7:156942573-156942686,
ICR_1256,Chr7:156948793-156948844,
ICR_1257,Chr7:157613781-157614069,
ICR_1258,Chr7:158164299-158164379,
ICR_1259,Chr7:158973581-158973792,
ICR_1260,Chr7:158996856-158997515,
ICR_1261,Chr7:159112595-159112828,Paternal
ICR_1262,Chr8:266760-266871,
ICR_1263,Chr8:828261-828821,
ICR_1264,Chr8:882678-883012,
ICR_1265,Chr8:947055-947158,
ICR_1266,Chr8:1373020-1373561,Paternal
ICR_1267,Chr8:1548800-1548981,Paternal
ICR_1268,Chr8:1816612-1816668,
ICR_1269,Chr8:2727637-2727760,Paternal
ICR_1270,Chr8:6835991-6836189,
ICR_1271,Chr8:8703090-8703190,
ICR_1272,Chr8:10726381-10726606,
ICR_1273,Chr8:12537464-12537632,
ICR_1274,Chr8:16944318-16944618,
ICR_1275,Chr8:17248325-17248464,
ICR_1276,Chr8:22118860-22119045,Maternal
ICR_1277,Chr8:22696910-22697886,Maternal
ICR_1278,Chr8:27451272-27451531,
ICR_1279,Chr8:27472461-27472768,
ICR_1280,Chr8:27592886-27593135,
ICR_1281,Chr8:29401757-29402242,
ICR_1282,Chr8:30913081-30913176,
ICR_1283,Chr8:37699369-37699633,
ICR_1284,Chr8:37747687-37748265,Paternal
ICR_1285,Chr8:38383668-38383854,
ICR_1286,Chr8:43489686-43491049,
ICR_1287,Chr8:43815675-43816549,
ICR_1288,Chr8:46918223-46918380,
ICR_1289,Chr8:47763160-47763510,
ICR_1290,Chr8:53712396-53712494,
ICR_1291,Chr8:54469228-54469434,
ICR_1292,Chr8:56117670-56117858,
ICR_1293,Chr8:57142945-57143502,
ICR_1294,Chr8:57280020-57280373,
ICR_1295,Chr8:60713942-60714366,Paternal
ICR_1296,Chr8:65166236-65166399,
ICR_1297,Chr8:69690060-69690369,
ICR_1298,Chr8:72074820-72075145,
ICR_1299,Chr8:92627659-92628162,
ICR_1300,Chr8:94119578-94120523,Paternal
ICR_1301,Chr8:101108707-101109141,
ICR_1302,Chr8:101277219-101278202,
ICR_1303,Chr8:102528555-102528786,Paternal
ICR_1304,Chr8:104367348-104367629,
ICR_1305,Chr8:108139804-108140486,
ICR_1306,Chr8:110202766-110202966,
ICR_1307,Chr8:122721576-122721969,
ICR_1308,Chr8:135457371-135457395,
ICR_1309,Chr8:140098048-140100981,Paternal
ICR_1310,Chr8:140349279-140349564,Paternal
ICR_1311,Chr8:141723822-141724064,Maternal
ICR_1312,Chr8:142700449-142700581,
ICR_1313,Chr8:143276904-143277146,
ICR_1314,Chr8:143399766-143399977,
ICR_1315,Chr8:143420516-143420723,
ICR_1316,Chr8:143728031-143728348,
ICR_1317,Chr8:143772211-143772259,
ICR_1318,Chr8:143934133-143934333,
ICR_1319,Chr8:144429035-144429244,
ICR_1320,Chr9:9557059-9558061,
ICR_1321,Chr9:20658358-20658783,
ICR_1322,Chr9:21997429-22000964,
ICR_1323,Chr9:35036051-35036291,Paternal
ICR_1324,Chr9:37800197-37800386,
ICR_1325,Chr9:38487573-38487989,
ICR_1326,Chr9:38526772-38526937,
ICR_1327,Chr9:40106359-40106534,
ICR_1328,Chr9:40584159-40584282,
ICR_1329,Chr9:40584494-40584535,
ICR_1330,Chr9:41237465-41237605,
ICR_1331,Chr9:41267302-41267410,
ICR_1332,Chr9:41273436-41273534,
ICR_1333,Chr9:42725366-42725715,
ICR_1334,Chr9:43310884-43310973,
ICR_1335,Chr9:43312148-43312374,
ICR_1336,Chr9:61634706-61634830,
ICR_1337,Chr9:62830466-62830683,
ICR_1338,Chr9:62833773-62833859,
ICR_1339,Chr9:62844696-62844981,
ICR_1340,Chr9:62915277-62915432,
ICR_1341,Chr9:63703993-63704066,
ICR_1342,Chr9:63705422-63705648,
ICR_1343,Chr9:63758459-63759888,
ICR_1344,Chr9:63781885-63782006,
ICR_1345,Chr9:63783945-63784110,
ICR_1346,Chr9:63784657-63784765,
ICR_1347,Chr9:63816391-63816562,
ICR_1348,Chr9:63816764-63816827,
ICR_1349,Chr9:63871753-63873362,
ICR_1350,Chr9:63874323-63875499,
ICR_1351,Chr9:64015992-64016150,
ICR_1352,Chr9:64072047-64072115,
ICR_1353,Chr9:65385432-65385641,
ICR_1354,Chr9:65566060-65566418,
ICR_1355,Chr9:66198551-66198816,
ICR_1356,Chr9:66266929-66267052,
ICR_1357,Chr9:66270138-66270217,
ICR_1358,Chr9:67720383-67720553,
ICR_1359,Chr9:84272060-84272363,
ICR_1360,Chr9:85077205-85077528,
ICR_1361,Chr9:87944657-87944766,
ICR_1362,Chr9:89282235-89282503,
ICR_1363,Chr9:89859835-89860135,
ICR_1364,Chr9:95313103-95313511,Paternal
ICR_1365,Chr9:96177087-96177730,
ICR_1366,Chr9:105519837-105519944,
ICR_1367,Chr9:107738565-107738693,
ICR_1368,Chr9:110172756-110173053,
ICR_1369,Chr9:113062954-113063358,
ICR_1370,Chr9:117642714-117642890,
ICR_1371,Chr9:120843544-120843654,
ICR_1372,Chr9:121305691-121305944,
ICR_1373,Chr9:123356551-123356966,
ICR_1374,Chr9:124453066-124453097,
ICR_1375,Chr9:126206071-126206408,
ICR_1376,Chr9:127897741-127897833,
ICR_1377,Chr9:128415922-128416668,Maternal
ICR_1378,Chr9:130327055-130327332,
ICR_1379,Chr9:131681863-131682453,
ICR_1380,Chr9:133656561-133656899,
ICR_1381,Chr9:134626633-134626781,Maternal
ICR_1382,Chr9:134800924-134801207,
ICR_1383,Chr9:135253830-135253970,Maternal
ICR_1384,Chr9:135605044-135605311,Maternal
ICR_1385,Chr9:135718080-135718453,
ICR_1386,Chr9:136656981-136657090,Maternal
ICR_1387,Chr9:137145779-137145957,Maternal
ICR_1388,Chr9:137306698-137307023,Maternal
ICR_1389,Chr9:137388287-137388459,
ICR_1390,Chr9:138220832-138220984,
ICR_111,Chr10:789268-789465,Maternal
ICR_112,Chr10:1297781-1298190,
ICR_113,Chr10:1363307-1363351,
ICR_114,Chr10:5645451-5645631,
ICR_115,Chr10:6891176-6891381,
ICR_116,Chr10:7438568-7438955,
ICR_117,Chr10:7533053-7533508,
ICR_118,Chr10:8296350-8296684,
ICR_119,Chr10:13158505-13158697,
ICR_120,Chr10:14588077-14588478,
ICR_121,Chr10:18261294-18261435,Paternal
ICR_122,Chr10:24519852-24520359,Paternal
ICR_123,Chr10:26946192-26946511,
ICR_124,Chr10:27413523-27414477,Paternal
ICR_125,Chr10:28326170-28327001,Maternal
ICR_126,Chr10:30431646-30431844,
ICR_127,Chr10:38727852-38728509,
ICR_128,Chr10:38786641-38786908,
ICR_129,Chr10:38942427-38942486,
ICR_130,Chr10:38942778-38942877,
ICR_131,Chr10:42118216-42121531,
ICR_132,Chr10:42149862-42149921,
ICR_133,Chr10:42151841-42153075,
ICR_134,Chr10:42241615-42241757,
ICR_135,Chr10:43078143-43078252,
ICR_136,Chr10:43689371-43689485,
ICR_137,Chr10:43910440-43910803,
ICR_138,Chr10:45249637-45250053,
ICR_139,Chr10:45600493-45600614,
ICR_140,Chr10:61867420-61867672,
ICR_141,Chr10:61867799-61868187,
ICR_142,Chr10:64924402-64924675,
ICR_143,Chr10:66927121-66927439,
ICR_144,Chr10:68526085-68526595,
ICR_145,Chr10:71266448-71266685,Maternal
ICR_146,Chr10:71279400-71279528,Maternal
ICR_147,Chr10:78356394-78357287,
ICR_148,Chr10:80136121-80136538,Maternal
ICR_149,Chr10:86388993-86389094,
ICR_150,Chr10:91745083-91745329,
ICR_151,Chr10:92592233-92592408,
ICR_152,Chr10:93065339-93065536,
ICR_153,Chr10:95230515-95230706,
ICR_154,Chr10:97578444-97578664,
ICR_155,Chr10:97974158-97974573,Paternal
ICR_156,Chr10:100669022-100669173,
ICR_157,Chr10:102409678-102409976,
ICR_158,Chr10:102433070-102433216,
ICR_159,Chr10:103585098-103585172,
ICR_160,Chr10:104275410-104275792,Paternal
ICR_161,Chr10:116809589-116809702,
ICR_162,Chr10:119817943-119819030,Paternal
ICR_163,Chr10:124589490-124589769,
ICR_164,Chr10:125370442-125370643,
ICR_165,Chr10:125773898-125774247,
ICR_166,Chr10:125896694-125896736,
ICR_167,Chr10:126882020-126882047,
ICR_168,Chr10:127911380-127911781,
ICR_169,Chr10:129833441-129834121,
ICR_170,Chr10:130301062-130301272,
ICR_171,Chr10:131884686-131885233,
ICR_172,Chr10:132044138-132044430,
ICR_173,Chr10:132965246-132965501,
ICR_174,Chr10:133099321-133099567,Maternal
ICR_175,Chr10:133246176-133246423,Maternal
ICR_176,Chr10:133569810-133570081,Paternal
ICR_177,Chr10:133622471-133622653,
ICR_178,Chr10:133655010-133656362,
ICR_179,Chr10:133666076-133666119,
ICR_180,Chr10:133675112-133675277,
ICR_181,Chr10:133682103-133682144,
ICR_182,Chr10:133685048-133685212,
ICR_183,Chr10:133689257-133690164,
ICR_184,Chr10:133740759-133740834,
ICR_185,Chr10:133743836-133743911,
ICR_186,Chr10:133749234-133749385,
ICR_187,Chr10:133750697-133750793,
ICR_188,Chr11:369961-370051,
ICR_189,Chr11:396655-396870,Maternal
ICR_190,Chr11:397385-397461,Maternal
ICR_191,Chr11:400577-400771,
ICR_192,Chr11:420604-420662,
ICR_193,Chr11:424776-424992,
ICR_194,Chr11:425254-425347,
ICR_195,Chr11:859644-859722,
ICR_196,Chr11:1453511-1453601,
ICR_197,Chr11:1997886-1999417,
ICR_198,Chr11:1999793-2000383,Maternal
ICR_199,Chr11:2000487-2001247,Maternal
ICR_200,Chr11:2001655-2003118,Maternal
ICR_201,Chr11:2698157-2699485,Paternal
ICR_202,Chr11:2699814-2701210,Paternal
ICR_203,Chr11:2870172-2870432,
ICR_204,Chr11:3513882-3514062,
ICR_205,Chr11:7088963-7089048,
ICR_206,Chr11:8262180-8262286,
ICR_207,Chr11:14259048-14259382,
ICR_208,Chr11:15651003-15651264,
ICR_209,Chr11:18107798-18107979,
ICR_210,Chr11:18455848-18455995,
ICR_211,Chr11:44328419-44329478,Maternal
ICR_212,Chr11:49050003-49050137,
ICR_213,Chr11:49851833-49852120,
ICR_214,Chr11:55580528-55582100,
ICR_215,Chr11:58963346-58963429,
ICR_216,Chr11:59063032-59063174,
ICR_217,Chr11:60907137-60907586,
ICR_218,Chr11:62371153-62371400,
ICR_219,Chr11:64714283-64714884,
ICR_220,Chr11:67607613-67607749,
ICR_221,Chr11:68755017-68755448,Paternal
ICR_222,Chr11:77040373-77040529,
ICR_223,Chr11:77588835-77589141,
ICR_224,Chr11:78196833-78196990,
ICR_225,Chr11:96341424-96341836,
ICR_226,Chr11:96410805-96411284,
ICR_227,Chr11:102808050-102808297,
ICR_228,Chr11:110209077-110209353,
ICR_229,Chr11:116459010-116459314,
ICR_230,Chr11:118721380-118721604,Maternal
ICR_231,Chr11:119475095-119475642,
ICR_232,Chr11:119942219-119942412,Maternal
ICR_233,Chr11:119982974-119983610,Maternal
ICR_234,Chr11:122556794-122557198,
ICR_235,Chr11:128451854-128452036,
ICR_236,Chr11:132792676-132793068,Paternal
ICR_237,Chr11:133081840-133082221,Paternal
ICR_238,Chr11:133222318-133222823,Maternal
ICR_239,Chr11:134466582-134466996,
ICR_240,Chr11:134851895-134852132,
ICR_241,Chr12:199250-199841,
ICR_242,Chr12:3420937-3421557,
ICR_243,Chr12:7639803-7640300,
ICR_244,Chr12:8227098-8227983,
ICR_245,Chr12:9943209-9943571,
ICR_246,Chr12:24562721-24562763,
ICR_247,Chr12:31119107-31120320,
ICR_248,Chr12:31120459-31120874,
ICR_249,Chr12:34331950-34332139,Paternal
ICR_250,Chr12:34336036-34336101,
ICR_251,Chr12:34342777-34342848,
ICR_252,Chr12:34346704-34346757,
ICR_253,Chr12:34353479-34353547,
ICR_254,Chr12:34354541-34354645,
ICR_255,Chr12:34374083-34374112,
ICR_256,Chr12:34602003-34602191,
ICR_257,Chr12:37323065-37323465,
ICR_258,Chr12:37568772-37569243,
ICR_259,Chr12:38053778-38053848,
ICR_260,Chr12:49543394-49543481,
ICR_261,Chr12:51888213-51888322,
ICR_262,Chr12:52193633-52194445,
ICR_263,Chr12:52321080-52321266,
ICR_264,Chr12:54133068-54133783,
ICR_265,Chr12:55996580-55996638,Paternal
ICR_266,Chr12:67719459-67719604,
ICR_267,Chr12:76319989-76320071,
ICR_268,Chr12:79710741-79711075,
ICR_269,Chr12:80513006-80513314,
ICR_270,Chr12:92503489-92504056,Maternal
ICR_271,Chr12:93894577-93894889,
ICR_272,Chr12:94261976-94262639,
ICR_273,Chr12:104506679-104507259,Maternal
ICR_274,Chr12:108768488-108768569,
ICR_275,Chr12:110247427-110248050,
ICR_276,Chr12:110501049-110501164,
ICR_277,Chr12:111037275-111037366,
ICR_278,Chr12:113766062-113766194,
ICR_279,Chr12:118106392-118106759,
ICR_280,Chr12:124259431-124259804,Maternal
ICR_281,Chr12:124369462-124369821,
ICR_282,Chr12:124423210-124423379,
ICR_283,Chr12:124759333-124759536,Maternal
ICR_284,Chr12:125314148-125314524,
ICR_285,Chr12:130337933-130338027,
ICR_286,Chr12:130686671-130687021,
ICR_287,Chr12:131928302-131928452,
ICR_288,Chr12:132436944-132437228,
ICR_289,Chr12:132514078-132514147,
ICR_290,Chr12:132603392-132603498,
ICR_291,Chr13:16211038-16211596,
ICR_292,Chr13:18662579-18665131,
ICR_293,Chr13:19382308-19382395,
ICR_294,Chr13:20129221-20129276,
ICR_295,Chr13:20142811-20142911,Paternal
ICR_296,Chr13:20394546-20394785,
ICR_297,Chr13:20415400-20415596,
ICR_298,Chr13:20436022-20436118,
ICR_299,Chr13:21242471-21243094,
ICR_300,Chr13:22735653-22735791,
ICR_301,Chr13:22736379-22736701,
ICR_302,Chr13:23945647-23946368,
ICR_303,Chr13:24637783-24637864,
ICR_304,Chr13:26187178-26187354,
ICR_305,Chr13:46437983-46438129,
ICR_306,Chr13:48317373-48317679,Paternal
ICR_307,Chr13:48317894-48321417,Paternal
ICR_308,Chr13:60267612-60268519,
ICR_309,Chr13:80140976-80141757,
ICR_310,Chr13:80654682-80655272,
ICR_311,Chr13:98977628-98977816,
ICR_312,Chr13:100521893-100522472,
ICR_313,Chr13:106490937-106491301,
ICR_314,Chr13:109869774-109870166,
ICR_315,Chr13:110813152-110813255,
ICR_316,Chr13:110813578-110813640,
ICR_317,Chr13:111411595-111411773,Paternal
ICR_318,Chr13:113050720-113050828,
ICR_319,Chr13:113729641-113730537,
ICR_320,Chr13:113802775-113802965,
ICR_321,Chr13:113937749-113938169,
ICR_322,Chr13:114198821-114199079,
ICR_323,Chr13:114199531-114199617,
ICR_324,Chr13:114199984-114200221,Paternal
ICR_325,Chr14:18561725-18562488,
ICR_326,Chr14:19729937-19732258,
ICR_327,Chr14:20624009-20624207,
ICR_328,Chr14:20660009-20660687,
ICR_329,Chr14:23048045-23048114,
ICR_330,Chr14:24331724-24331907,
ICR_331,Chr14:24335544-24336183,
ICR_332,Chr14:30690552-30690699,Maternal
ICR_333,Chr14:32484787-32484965,
ICR_334,Chr14:33799786-33799948,
ICR_335,Chr14:35825391-35825732,
ICR_336,Chr14:53976837-53976954,
ICR_337,Chr14:54804852-54805123,
ICR_338,Chr14:59965739-59965861,
ICR_339,Chr14:70360209-70360280,
ICR_340,Chr14:74265554-74265792,Maternal
ICR_341,Chr14:75429703-75430673,
ICR_342,Chr14:90525537-90525570,
ICR_343,Chr14:93036164-93036693,
ICR_344,Chr14:95714543-95714740,
ICR_345,Chr14:96392817-96392937,
ICR_346,Chr14:96423656-96423802,
ICR_347,Chr14:96588928-96589205,
ICR_348,Chr14:98831018-98831612,
ICR_349,Chr14:98913707-98914385,
ICR_350,Chr14:100714137-100714444,Maternal
ICR_351,Chr14:100810233-100810638,
ICR_352,Chr14:100810929-100811087,Maternal
ICR_353,Chr14:100824152-100824410,
ICR_354,Chr14:100824556-100828242,
ICR_355,Chr14:103928394-103928494,
ICR_356,Chr14:104171069-104171501,
ICR_357,Chr14:104461608-104461664,
ICR_358,Chr14:104473963-104474087,
ICR_359,Chr14:105060530-105060974,Maternal
ICR_360,Chr14:105628650-105629100,Maternal
ICR_361,Chr14:106650086-106650799,
ICR_362,Chr14:106797964-106799288,
ICR_363,Chr15:19891502-19892733,
ICR_364,Chr15:20148130-20148185,
ICR_365,Chr15:20416866-20418250,
ICR_366,Chr15:21282115-21282897,
ICR_367,Chr15:23561842-23563087,
ICR_368,Chr15:23647239-23648622,
ICR_369,Chr15:23686523-23686574,
ICR_370,Chr15:23758904-23759277,
ICR_371,Chr15:23860773-23861094,
ICR_372,Chr15:23897271-23897645,
ICR_373,Chr15:24877837-24878217,
ICR_374,Chr15:24954592-24956828,Paternal
ICR_375,Chr15:26670350-26670605,
ICR_376,Chr15:28993177-28993653,
ICR_377,Chr15:31484287-31484332,
ICR_378,Chr15:33256985-33257103,
ICR_379,Chr15:40769605-40770075,Maternal
ICR_380,Chr15:47196694-47197259,
ICR_381,Chr15:52112006-52112086,
ICR_382,Chr15:53830756-53831316,
ICR_383,Chr15:56007034-56007264,
ICR_384,Chr15:65076997-65077172,
ICR_385,Chr15:65077525-65077598,
ICR_386,Chr15:65949315-65949942,
ICR_387,Chr15:66763320-66763575,
ICR_388,Chr15:66877196-66878321,Maternal
ICR_389,Chr15:68930446-68930772,
ICR_390,Chr15:70605464-70606129,Maternal
ICR_391,Chr15:88241807-88242028,
ICR_392,Chr15:88741939-88742055,
ICR_393,Chr15:95287058-95287471,
ICR_394,Chr15:98865375-98866277,Paternal
ICR_395,Chr15:99476322-99476786,Maternal
ICR_396,Chr15:99806120-99806200,
ICR_397,Chr15:100544247-100544786,
ICR_398,Chr16:159416-159850,
ICR_399,Chr16:561123-561328,
ICR_400,Chr16:801561-801834,Maternal
ICR_401,Chr16:817208-818000,Paternal
ICR_402,Chr16:1043980-1044213,
ICR_403,Chr16:2038931-2039033,
ICR_404,Chr16:2798432-2798680,
ICR_405,Chr16:3107245-3107593,
ICR_406,Chr16:3254352-3254557,
ICR_407,Chr16:3431819-3432009,Paternal
ICR_408,Chr16:3443280-3444094,
ICR_409,Chr16:5490312-5490585,Paternal
ICR_410,Chr16:9154539-9154720,
ICR_411,Chr16:14990248-14990306,Paternal
ICR_412,Chr16:17364420-17365021,
ICR_413,Chr16:27306120-27306581,
ICR_414,Chr16:27327462-27327798,
ICR_415,Chr16:31224220-31224409,
ICR_416,Chr16:31428164-31428239,
ICR_417,Chr16:32066244-32066336,
ICR_418,Chr16:32084126-32084430,
ICR_419,Chr16:32187478-32187763,
ICR_420,Chr16:32188159-32188300,
ICR_421,Chr16:32310484-32310555,
ICR_422,Chr16:32523621-32525336,
ICR_423,Chr16:32846754-32846827,
ICR_424,Chr16:33026905-33027302,
ICR_425,Chr16:33516787-33516835,
ICR_426,Chr16:33680828-33680944,
ICR_427,Chr16:33808459-33808588,
ICR_428,Chr16:34133988-34134110,
ICR_429,Chr16:34134512-34134657,
ICR_430,Chr16:34150896-34150953,
ICR_431,Chr16:34153970-34154041,
ICR_432,Chr16:34158989-34159048,
ICR_433,Chr16:34641102-34641465,
ICR_434,Chr16:34803525-34803596,
ICR_435,Chr16:35208269-35208463,
ICR_436,Chr16:35246812-35248137,
ICR_437,Chr16:35271909-35272955,
ICR_438,Chr16:35397156-35398017,
ICR_439,Chr16:35434223-35436923,
ICR_440,Chr16:35492463-35492505,
ICR_441,Chr16:35631098-35632919,
ICR_442,Chr16:35690947-35691217,
ICR_443,Chr16:46757358-46757691,Maternal
ICR_444,Chr16:55760602-55760930,
ICR_445,Chr16:57889831-57890669,
ICR_446,Chr16:66845423-66846154,
ICR_447,Chr16:67654637-67654865,
ICR_448,Chr16:70450851-70451346,
ICR_449,Chr16:70524741-70524805,
ICR_450,Chr16:71383780-71384024,
ICR_451,Chr16:73171236-73171514,
ICR_452,Chr16:79037697-79038236,
ICR_453,Chr16:79328593-79329315,
ICR_454,Chr16:79838820-79839867,
ICR_455,Chr16:85263027-85263356,
ICR_456,Chr16:85480230-85480623,
ICR_457,Chr16:87517952-87518116,
ICR_458,Chr16:88186741-88186914,
ICR_459,Chr16:88431177-88431330,
ICR_460,Chr17:335949-336142,
ICR_461,Chr17:753058-753176,
ICR_462,Chr17:1492497-1492586,
ICR_463,Chr17:1961067-1961305,Maternal
ICR_464,Chr17:2122709-2123630,
ICR_465,Chr17:2691899-2691997,
ICR_466,Chr17:3386154-3386259,
ICR_467,Chr17:4783019-4783185,
ICR_468,Chr17:5771207-5771575,
ICR_469,Chr17:8347360-8347494,
ICR_470,Chr17:16683802-16683924,
ICR_471,Chr17:16856437-16856709,Maternal
ICR_472,Chr17:18625246-18625400,
ICR_473,Chr17:19980115-19980296,
ICR_474,Chr17:20896157-20896553,
ICR_475,Chr17:21512149-21512223,
ICR_476,Chr17:21573789-21574080,
ICR_477,Chr17:21656813-21657134,
ICR_478,Chr17:21678811-21679073,
ICR_479,Chr17:21681088-21681431,
ICR_480,Chr17:21685888-21686090,
ICR_481,Chr17:21841948-21841991,
ICR_482,Chr17:21843634-21843712,
ICR_483,Chr17:22266218-22266557,
ICR_484,Chr17:26733376-26735171,
ICR_485,Chr17:26788440-26788550,
ICR_486,Chr17:28645702-28645796,
ICR_487,Chr17:34040220-34040257,
ICR_488,Chr17:34571676-34571885,Maternal
ICR_489,Chr17:35151123-35151341,
ICR_490,Chr17:39868449-39868635,
ICR_491,Chr17:40014561-40014758,Maternal
ICR_492,Chr17:43126133-43126286,
ICR_493,Chr17:43360035-43360515,
ICR_494,Chr17:43677696-43677780,
ICR_495,Chr17:44326010-44326327,
ICR_496,Chr17:44384061-44384311,
ICR_497,Chr17:45120891-45120962,
ICR_498,Chr17:45745363-45745724,
ICR_499,Chr17:48049453-48049878,Paternal
ICR_500,Chr17:50565110-50565144,
ICR_501,Chr17:50639135-50639654,Maternal
ICR_502,Chr17:52884073-52884266,
ICR_503,Chr17:58083349-58083378,
ICR_504,Chr17:74919335-74919776,
ICR_505,Chr17:76079666-76079946,Maternal
ICR_506,Chr17:76542972-76543727,
ICR_507,Chr17:77351321-77351534,
ICR_508,Chr17:79517963-79518428,
ICR_509,Chr17:80191857-80192326,Maternal
ICR_510,Chr17:81499100-81499231,
ICR_511,Chr17:82777871-82777963,
ICR_512,Chr17:82860218-82860396,
ICR_513,Chr17:83205454-83205543,
ICR_514,Chr18:112155-112491,
ICR_515,Chr18:3602323-3602519,
ICR_516,Chr18:10299639-10299935,
ICR_517,Chr18:13379767-13380531,
ICR_518,Chr18:26568636-26569708,
ICR_519,Chr18:37258900-37259288,Maternal
ICR_520,Chr18:47526284-47526407,Paternal
ICR_521,Chr18:59969851-59969940,
ICR_522,Chr18:64002803-64002859,
ICR_523,Chr18:76491397-76491450,
ICR_524,Chr18:76787372-76787964,
ICR_525,Chr18:78877346-78877514,
ICR_526,Chr18:79404293-79404545,
ICR_527,Chr18:79532208-79532443,
ICR_528,Chr18:79532583-79532746,
ICR_529,Chr18:79616752-79617334,
ICR_530,Chr18:79617513-79617608,
ICR_531,Chr18:79617770-79617815,
ICR_532,Chr18:79638645-79638833,Paternal
ICR_533,Chr18:80147168-80147833,
ICR_534,Chr18:80147992-80149033,Paternal
ICR_535,Chr19:386289-386791,
ICR_536,Chr19:676877-677125,
ICR_537,Chr19:853408-853490,
ICR_538,Chr19:1453910-1454194,
ICR_539,Chr19:1504102-1504336,
ICR_540,Chr19:1510721-1510814,
ICR_541,Chr19:1542614-1542750,Paternal
ICR_542,Chr19:1691185-1691357,
ICR_543,Chr19:1779885-1780102,
ICR_544,Chr19:2041793-2041938,
ICR_545,Chr19:2097444-2097551,
ICR_546,Chr19:2271480-2271693,
ICR_547,Chr19:2639359-2639532,
ICR_548,Chr19:2749064-2749211,
ICR_549,Chr19:3006289-3006627,Paternal
ICR_550,Chr19:3314581-3314748,
ICR_551,Chr19:3366518-3366556,
ICR_552,Chr19:3375239-3375520,
ICR_553,Chr19:3403800-3403966,Paternal
ICR_554,Chr19:3789254-3789767,Maternal
ICR_555,Chr19:4194879-4195135,
ICR_556,Chr19:4414819-4415739,
ICR_557,Chr19:6018852-6019122,
ICR_558,Chr19:6461119-6461350,
ICR_559,Chr19:6489483-6490032,
ICR_560,Chr19:6509209-6509630,Maternal
ICR_561,Chr19:6677833-6677968,
ICR_562,Chr19:7004363-7004710,
ICR_563,Chr19:7646033-7646285,
ICR_564,Chr19:7863802-7864121,Paternal
ICR_565,Chr19:7872627-7872688,
ICR_566,Chr19:9912721-9912951,Paternal
ICR_567,Chr19:9953808-9954321,Maternal
ICR_568,Chr19:12873531-12873750,
ICR_569,Chr19:13087918-13088184,
ICR_570,Chr19:13298916-13299037,
ICR_571,Chr19:13623856-13623948,
ICR_572,Chr19:14061704-14062308,Maternal
ICR_573,Chr19:15471897-15472161,
ICR_574,Chr19:15777135-15778369,Maternal
ICR_575,Chr19:15862822-15863176,
ICR_576,Chr19:15940417-15941089,Maternal
ICR_577,Chr19:16895886-16895902,
ICR_578,Chr19:18439087-18439864,
ICR_579,Chr19:18777223-18778158,
ICR_580,Chr19:19120808-19121015,Paternal
ICR_581,Chr19:19514692-19514749,
ICR_582,Chr19:19997705-19997967,Maternal
ICR_583,Chr19:20237400-20237572,
ICR_584,Chr19:21568786-21569830,
ICR_585,Chr19:21678108-21678334,
ICR_586,Chr19:22517560-22518023,
ICR_587,Chr19:29269046-29269583,
ICR_588,Chr19:29662034-29662704,Maternal
ICR_589,Chr19:30253854-30254259,
ICR_590,Chr19:33298571-33298842,Maternal
ICR_591,Chr19:35703212-35703486,
ICR_592,Chr19:37403622-37403742,
ICR_593,Chr19:37468518-37468666,
ICR_594,Chr19:39875820-39875935,
ICR_595,Chr19:39892075-39892180,
ICR_596,Chr19:39915214-39915303,
ICR_597,Chr19:40489767-40490020,
ICR_598,Chr19:41226761-41226873,
ICR_599,Chr19:41515217-41515351,
ICR_600,Chr19:41644120-41644151,
ICR_601,Chr19:43406341-43406626,Paternal
ICR_602,Chr19:45450882-45450913,
ICR_603,Chr19:46270331-46270412,Maternal
ICR_604,Chr19:47601136-47601199,
ICR_605,Chr19:48195063-48195219,
ICR_606,Chr19:48895257-48895520,
ICR_607,Chr19:49719462-49719568,
ICR_608,Chr19:49889832-49889898,
ICR_609,Chr19:50458698-50458780,
ICR_610,Chr19:50489534-50489611,Paternal
ICR_611,Chr19:50870491-50870617,
ICR_612,Chr19:50949976-50950140,
ICR_613,Chr19:51002710-51003017,
ICR_614,Chr19:51132331-51132649,
ICR_615,Chr19:51271035-51271265,
ICR_616,Chr19:53537445-53538957,Paternal
ICR_617,Chr19:53553906-53554999,Paternal
ICR_618,Chr19:55366121-55366170,Maternal
ICR_619,Chr19:55444225-55444310,
ICR_620,Chr19:55493632-55493692,
ICR_621,Chr19:55545891-55546024,
ICR_622,Chr19:56478788-56479078,
ICR_623,Chr19:56837320-56841439,Paternal
ICR_624,Chr19:56942840-56943184,
ICR_625,Chr19:57708235-57708333,
ICR_626,Chr19:58329076-58329167,
ICR_627,Chr19:58357064-58357218,
ICR_628,Chr19:58367655-58367750,
ICR_629,Chr19:58367876-58368275,
ICR_710,Chr20:890832-892113,Maternal
ICR_711,Chr20:1874501-1874963,
ICR_712,Chr20:2754762-2755675,
ICR_713,Chr20:4248057-4248319,
ICR_714,Chr20:8133537-8134006,
ICR_715,Chr20:18504463-18504631,
ICR_716,Chr20:23164173-23164463,
ICR_717,Chr20:25751203-25751633,
ICR_718,Chr20:26009576-26009828,
ICR_719,Chr20:28611219-28614382,
ICR_720,Chr20:29299480-29299787,
ICR_721,Chr20:29319042-29319248,
ICR_722,Chr20:29325493-29325868,
ICR_723,Chr20:29408910-29409184,
ICR_724,Chr20:29410544-29410646,
ICR_725,Chr20:29410776-29410829,
ICR_726,Chr20:29411151-29411665,
ICR_727,Chr20:29455174-29456097,
ICR_728,Chr20:29477464-29478281,
ICR_729,Chr20:29497576-29497608,
ICR_730,Chr20:29729579-29732420,
ICR_731,Chr20:29742731-29742778,
ICR_732,Chr20:29743810-29743884,
ICR_733,Chr20:29764040-29764101,
ICR_734,Chr20:29764588-29764756,
ICR_735,Chr20:29868336-29870377,
ICR_736,Chr20:29874049-29874267,
ICR_737,Chr20:29877880-29878128,
ICR_738,Chr20:29878870-29878965,
ICR_739,Chr20:30168342-30168399,
ICR_740,Chr20:30283622-30283834,
ICR_741,Chr20:30284340-30284720,
ICR_742,Chr20:30288471-30289510,
ICR_743,Chr20:30488015-30488659,
ICR_744,Chr20:30489488-30489608,
ICR_745,Chr20:30593789-30593857,
ICR_746,Chr20:30639491-30641610,
ICR_747,Chr20:30871233-30872165,
ICR_748,Chr20:30892127-30892735,
ICR_749,Chr20:30908350-30908516,
ICR_750,Chr20:30922381-30922438,
ICR_751,Chr20:31496438-31497008,Maternal
ICR_752,Chr20:31547027-31548129,
ICR_753,Chr20:37520202-37521842,Paternal
ICR_754,Chr20:37522341-37522993,Paternal
ICR_755,Chr20:43513725-43515256,Paternal
ICR_756,Chr20:44115828-44115890,
ICR_757,Chr20:44750133-44750578,
ICR_758,Chr20:45312226-45312454,
ICR_759,Chr20:45971224-45971284,
ICR_760,Chr20:46009742-46009970,
ICR_761,Chr20:46153336-46153644,
ICR_762,Chr20:46210329-46210446,
ICR_763,Chr20:46541615-46541812,
ICR_764,Chr20:57350801-57350963,
ICR_765,Chr20:58467428-58467570,
ICR_766,Chr20:58839107-58842875,
ICR_767,Chr20:58850158-58852357,Paternal
ICR_768,Chr20:58853850-58856828,Paternal
ICR_769,Chr20:58888275-58890270,
ICR_770,Chr20:59220788-59221858,
ICR_771,Chr20:62064979-62065036,
ICR_772,Chr20:62581580-62581898,Maternal
ICR_773,Chr20:62875532-62875657,
ICR_774,Chr20:63003240-63003541,Maternal
ICR_775,Chr20:63114505-63114687,Maternal
ICR_776,Chr20:63262397-63262526,Maternal
ICR_777,Chr20:63474459-63475096,Maternal
ICR_778,Chr20:63482662-63482947,Maternal
ICR_779,Chr20:63738421-63738536,
ICR_780,Chr20:63909737-63909918,
ICR_781,Chr21:5223187-5224121,
ICR_782,Chr21:5240706-5242547,
ICR_783,Chr21:7943768-7943974,
ICR_784,Chr21:8205580-8205618,
ICR_785,Chr21:8205885-8206106,
ICR_786,Chr21:8206343-8206514,
ICR_787,Chr21:8207053-8207144,
ICR_788,Chr21:8207995-8208028,
ICR_789,Chr21:8209431-8209533,
ICR_790,Chr21:8210080-8210254,
ICR_791,Chr21:8210530-8210733,
ICR_792,Chr21:8211004-8211157,
ICR_793,Chr21:8211424-8211524,
ICR_794,Chr21:8211781-8211805,
ICR_795,Chr21:8212080-8212139,
ICR_796,Chr21:8213080-8213132,
ICR_797,Chr21:8214822-8214873,
ICR_798,Chr21:8215614-8215723,
ICR_799,Chr21:8216148-8216317,
ICR_800,Chr21:8216729-8216785,
ICR_801,Chr21:8217611-8217759,
ICR_802,Chr21:8220792-8221021,
ICR_803,Chr21:8226175-8226554,
ICR_804,Chr21:8236929-8237069,
ICR_805,Chr21:8249017-8249144,
ICR_806,Chr21:8249869-8249897,
ICR_807,Chr21:8250138-8250293,
ICR_808,Chr21:8250538-8250718,
ICR_809,Chr21:8251123-8251349,
ICR_810,Chr21:8254357-8254812,
ICR_811,Chr21:8254977-8255149,
ICR_812,Chr21:8255967-8256008,
ICR_813,Chr21:8256623-8256667,
ICR_814,Chr21:8259051-8259198,
ICR_815,Chr21:8259990-8260098,
ICR_816,Chr21:8260342-8260639,
ICR_817,Chr21:8388627-8388658,
ICR_818,Chr21:8389622-8389676,
ICR_819,Chr21:8393074-8393383,
ICR_820,Chr21:8393565-8393774,
ICR_821,Chr21:8394039-8394188,
ICR_822,Chr21:8394459-8394550,
ICR_823,Chr21:8394810-8394840,
ICR_824,Chr21:8394978-8395322,
ICR_825,Chr21:8397411-8397431,
ICR_826,Chr21:8398648-8398748,
ICR_827,Chr21:8399142-8399444,
ICR_828,Chr21:8400649-8400889,
ICR_829,Chr21:8402302-8402340,
ICR_830,Chr21:8409174-8409553,
ICR_831,Chr21:8419436-8419753,
ICR_832,Chr21:8432767-8432863,
ICR_833,Chr21:8433163-8433213,
ICR_834,Chr21:8434286-8434377,
ICR_835,Chr21:8436170-8436219,
ICR_836,Chr21:8437284-8437586,
ICR_837,Chr21:8437775-8437869,
ICR_838,Chr21:8438249-8438398,
ICR_839,Chr21:8439464-8439537,
ICR_840,Chr21:8439665-8439709,
ICR_841,Chr21:8442841-8443116,
ICR_842,Chr21:8443377-8443679,
ICR_843,Chr21:8444891-8445121,
ICR_844,Chr21:8445357-8445469,
ICR_845,Chr21:8453321-8453640,
ICR_846,Chr21:8876858-8878492,
ICR_847,Chr21:8986610-8986681,
ICR_848,Chr21:8987462-8987511,
ICR_849,Chr21:8987626-8987650,
ICR_850,Chr21:8987972-8988075,
ICR_851,Chr21:9068512-9068795,
ICR_852,Chr21:9138607-9139589,
ICR_853,Chr21:9145063-9146557,
ICR_854,Chr21:9191798-9193112,
ICR_855,Chr21:9252971-9254122,
ICR_856,Chr21:9257941-9259184,
ICR_857,Chr21:9265816-9266689,
ICR_858,Chr21:9311544-9313693,
ICR_859,Chr21:9324916-9325065,
ICR_860,Chr21:9750301-9750555,
ICR_861,Chr21:9933593-9935167,
ICR_862,Chr21:10014815-10014908,
ICR_863,Chr21:10119513-10119529,
ICR_864,Chr21:10121978-10122227,
ICR_865,Chr21:10130148-10131679,
ICR_866,Chr21:10328926-10329886,
ICR_867,Chr21:10342377-10342421,
ICR_868,Chr21:10468190-10469266,
ICR_869,Chr21:10651725-10651919,
ICR_870,Chr21:10667761-10668157,
ICR_871,Chr21:10676655-10677098,
ICR_872,Chr21:10736093-10736681,
ICR_873,Chr21:10740063-10740387,
ICR_874,Chr21:10802832-10804215,
ICR_875,Chr21:29077180-29077327,
ICR_876,Chr21:29155405-29155931,Paternal
ICR_877,Chr21:33034116-33034763,
ICR_878,Chr21:36994558-36994589,
ICR_879,Chr21:37007362-37007511,
ICR_880,Chr21:37590794-37591276,
ICR_881,Chr21:39385584-39386256,
ICR_882,Chr21:42063975-42064308,Maternal
ICR_883,Chr21:42659906-42660063,
ICR_884,Chr21:43574703-43575138,
ICR_885,Chr21:44391463-44391494,
ICR_886,Chr21:44818820-44818854,
ICR_887,Chr21:44982807-44983007,
ICR_888,Chr21:45359946-45360583,Maternal
ICR_889,Chr21:45413377-45413676,
ICR_890,Chr21:45555294-45555347,
ICR_891,Chr22:10571860-10571914,
ICR_892,Chr22:10572628-10572683,
ICR_893,Chr22:10929116-10929608,
ICR_894,Chr22:10961728-10961761,
ICR_895,Chr22:11039672-11040300,
ICR_896,Chr22:11252497-11252647,
ICR_897,Chr22:11295024-11295784,
ICR_898,Chr22:11353621-11355111,
ICR_899,Chr22:11449354-11449684,
ICR_900,Chr22:11465275-11466829,
ICR_901,Chr22:11827467-11828142,
ICR_902,Chr22:11915066-11917239,
ICR_903,Chr22:12036770-12038659,
ICR_904,Chr22:12078178-12078767,
ICR_905,Chr22:12097908-12098015,
ICR_906,Chr22:12172503-12172718,
ICR_907,Chr22:12176173-12176388,
ICR_908,Chr22:12600959-12601368,
ICR_909,Chr22:12601693-12601904,
ICR_910,Chr22:12693850-12693914,
ICR_911,Chr22:12873488-12874567,
ICR_912,Chr22:15553939-15554047,
ICR_913,Chr22:15880965-15881299,
ICR_914,Chr22:18025220-18025583,
ICR_915,Chr22:18569467-18569592,
ICR_916,Chr22:18967907-18968273,Maternal
ICR_917,Chr22:19749148-19749533,Maternal
ICR_918,Chr22:19768265-19768546,
ICR_919,Chr22:20670772-20670970,
ICR_920,Chr22:21865747-21866184,
ICR_921,Chr22:22114750-22114842,
ICR_922,Chr22:24211145-24211554,
ICR_923,Chr22:24494131-24494362,
ICR_924,Chr22:26910559-26910822,Maternal
ICR_925,Chr22:27780254-27780522,Maternal
ICR_926,Chr22:29208841-29209158,
ICR_927,Chr22:31104622-31104758,Paternal
ICR_928,Chr22:32041878-32043341,
ICR_929,Chr22:32203909-32204959,
ICR_930,Chr22:36564370-36564591,
ICR_931,Chr22:38828287-38828585,
ICR_932,Chr22:39557889-39557920,
ICR_933,Chr22:39664168-39664319,Paternal
ICR_934,Chr22:39713307-39713466,
ICR_935,Chr22:40040395-40041632,
ICR_936,Chr22:41681861-41682938,Paternal
ICR_937,Chr22:42397045-42397355,
ICR_938,Chr22:42532792-42533280,Maternal
ICR_939,Chr22:42547749-42547909,Maternal
ICR_940,Chr22:43289378-43290003,
ICR_941,Chr22:45023162-45023506,
ICR_942,Chr22:45078010-45078290,
ICR_943,Chr22:45162879-45162974,Paternal
ICR_944,Chr22:45428041-45428475,
ICR_945,Chr22:45877926-45878087,Maternal
ICR_946,Chr22:48238911-48239473,
ICR_947,Chr22:48576053-48576066,
ICR_948,Chr22:49935324-49935357,
ICR_949,Chr22:50314617-50314942,
ICR_950,Chr22:50482322-50482580,
ICR_951,Chr22:50506929-50506995,
ICR_1392,ChrX:330527-330751,
ICR_1393,ChrX:494090-494437,
ICR_1394,ChrX:1208138-1208515,
ICR_1395,ChrX:2325208-2325958,
ICR_1396,ChrX:2962476-2962843,Paternal
ICR_1397,ChrX:8783289-8783566,
ICR_1398,ChrX:9857996-9858420,
ICR_1399,ChrX:11138801-11139297,Maternal
ICR_1400,ChrX:14244065-14244239,Maternal
ICR_1401,ChrX:17655055-17655175,
ICR_1402,ChrX:17786942-17787094,
ICR_1403,ChrX:18104618-18104736,
ICR_1404,ChrX:19514065-19514434,Paternal
ICR_1405,ChrX:20117090-20117193,Paternal
ICR_1406,ChrX:21657683-21658001,
ICR_1407,ChrX:29919459-29920091,
ICR_1408,ChrX:36575019-36576600,Paternal
ICR_1409,ChrX:38474430-38475389,Paternal
ICR_1410,ChrX:39813662-39814142,
ICR_1411,ChrX:39822216-39822775,
ICR_1412,ChrX:40157065-40157832,
ICR_1413,ChrX:40205491-40205660,
ICR_1414,ChrX:40243438-40244131,
ICR_1415,ChrX:41088076-41088234,
ICR_1416,ChrX:42778156-42778387,
ICR_1417,ChrX:45806771-45807324,
ICR_1418,ChrX:47637837-47638168,Maternal
ICR_1419,ChrX:48827533-48827653,
ICR_1420,ChrX:49072475-49072555,
ICR_1421,ChrX:49157267-49157391,
ICR_1422,ChrX:49167171-49167897,
ICR_1423,ChrX:49233991-49234143,
ICR_1424,ChrX:52222518-52222852,
ICR_1425,ChrX:53000159-53000569,
ICR_1426,ChrX:56763914-56764237,Paternal
ICR_1427,ChrX:57909419-57909586,
ICR_1428,ChrX:62517163-62517282,
ICR_1429,ChrX:62716477-62717078,Maternal
ICR_1430,ChrX:64870664-64873851,
ICR_1431,ChrX:65971193-65971333,
ICR_1432,ChrX:68685508-68686065,
ICR_1433,ChrX:68736614-68736736,
ICR_1434,ChrX:69496102-69497671,Paternal
ICR_1435,ChrX:70128674-70129529,Paternal
ICR_1436,ChrX:71499987-71500571,
ICR_1437,ChrX:71906120-71906682,Paternal
ICR_1438,ChrX:72713721-72713883,
ICR_1439,ChrX:73127734-73128301,
ICR_1440,ChrX:76147216-76148561,
ICR_1441,ChrX:92105042-92105444,Paternal
ICR_1442,ChrX:99939597-99940400,Maternal
ICR_1443,ChrX:102140975-102141536,
ICR_1444,ChrX:102472007-102472147,Paternal
ICR_1445,ChrX:102547184-102547508,
ICR_1446,ChrX:103221230-103221495,
ICR_1447,ChrX:104910027-104910754,
ICR_1448,ChrX:105458750-105459285,
ICR_1449,ChrX:107155820-107156087,Paternal
ICR_1450,ChrX:107936250-107936476,
ICR_1451,ChrX:109054130-109054591,
ICR_1452,ChrX:115892906-115893572,
ICR_1453,ChrX:116667123-116668428,Paternal
ICR_1454,ChrX:116815756-116816445,
ICR_1455,ChrX:116817144-116817762,Paternal
ICR_1456,ChrX:119150778-119151386,
ICR_1457,ChrX:119759860-119760046,
ICR_1458,ChrX:119993224-119994216,Paternal
ICR_1459,ChrX:121333162-121334618,
ICR_1460,ChrX:128606464-128606562,
ICR_1461,ChrX:129337411-129338017,
ICR_1462,ChrX:129677271-129678103,
ICR_1463,ChrX:129844135-129844659,
ICR_1464,ChrX:129934362-129934736,Paternal
ICR_1465,ChrX:129960826-129961094,Paternal
ICR_1466,ChrX:130958952-130959301,Paternal
ICR_1467,ChrX:131278536-131279287,Paternal
ICR_1468,ChrX:131746197-131747385,
ICR_1469,ChrX:133437318-133438444,
ICR_1470,ChrX:135422588-135423581,Maternal
ICR_1471,ChrX:135596590-135596689,
ICR_1472,ChrX:148741454-148742005,
ICR_1473,ChrX:149471290-149471680,
ICR_1474,ChrX:153495535-153495619,
ICR_1475,ChrX:153640989-153641378,
ICR_1476,ChrX:153644271-153644307,
ICR_1477,ChrX:153780931-153781167,
ICR_1478,ChrX:153949240-153949660,
ICR_1479,ChrX:153985596-153985803,Paternal
ICR_1480,ChrX:153999530-153999979,Paternal
ICR_1481,ChrX:154019040-154019364,
ICR_1482,ChrX:154094048-154094698,Maternal
ICR_1483,ChrX:154396788-154397224,Maternal
ICR_1484,ChrX:154399041-154399615,Maternal
ICR_1485,ChrX:154408925-154409317,Paternal
ICR_1486,ChrX:154548296-154548666,Maternal
ICR_1487,ChrX:154805812-154806063,
ICR_1488,ChrX:155070793-155070856,
ICR_1489,ChrX:155641255-155641777,
ICR_1490,ChrY:11323204-11323326,
ICR_1491,ChrY:11333173-11333357,
ICR_1492,ChrY:11333460-11333847,
ICR_1493,ChrY:15455766-15455875,
ICR_1494,ChrY:26345135-26345898,
ICR_1495,ChrY:56861088-56861731,
ICR_1391,ChrMT:4050-4152,
